{
	"info": {
		"_postman_id": "e87f7bc0-fb8d-43d3-a5f5-8242b8a00e89",
		"name": "2-Appointments",
		"schema": "https://schema.getpostman.com/json/collection/v2.0.0/collection.json",
		"_exporter_id": "16853887"
	},
	"item": [
		{
			"name": "create appointment",
			"request": {
				"method": "POST",
				"header": [
					{
						"key": "Accept",
						"value": "application/json",
						"type": "text"
					}
				],
				"body": {
					"mode": "formdata",
					"formdata": [
						{
							"key": "user_name",
							"value": "Hamza Shaikh",
							"type": "text"
						},
						{
							"key": "phone",
							"value": "03003659089",
							"type": "text"
						},
						{
							"key": "email",
							"value": "hamza@gmail.com",
							"type": "text"
						}
					]
				},
				"url": "http://127.0.0.1:8000/api/v1/visitor/request-appointment"
			},
			"response": []
		},
		{
			"name": "get appointments",
			"request": {
				"method": "GET",
				"header": [
					{
						"key": "Accept",
						"value": "application/json",
						"type": "text"
					}
				],
				"url": {
					"raw": "http://127.0.0.1:8000/api/v1/admin/get-appointments?limit=3&offset=0",
					"protocol": "http",
					"host": [
						"127",
						"0",
						"0",
						"1"
					],
					"port": "8000",
					"path": [
						"api",
						"v1",
						"admin",
						"get-appointments"
					],
					"query": [
						{
							"key": "limit",
							"value": "3"
						},
						{
							"key": "offset",
							"value": "0"
						}
					]
				}
			},
			"response": []
		},
		{
			"name": "get single appointment",
			"request": {
				"method": "GET",
				"header": [
					{
						"key": "Accept",
						"value": "application/json",
						"type": "text"
					},
					{
						"key": "Authorization",
						"value": "Bearer 14|Gc93cGXc6my1EMiMWTAA8I7WiNYXr98tvbuIdwNF89927841",
						"type": "text",
						"disabled": true
					}
				],
				"url": "http://127.0.0.1:8000/api/v1/admin/get-single-appointment/22"
			},
			"response": []
		},
		{
			"name": "update appointment",
			"request": {
				"method": "PUT",
				"header": [
					{
						"key": "Accept",
						"value": "application/json",
						"type": "text"
					},
					{
						"key": "Authorization",
						"value": "Bearer 15|MYedDDEvLkmmIQn3TL2DzxlnMvipn4ooCKdLWvZva9fe56f7",
						"type": "text"
					}
				],
				"body": {
					"mode": "urlencoded",
					"urlencoded": [
						{
							"key": "link",
							"value": "1",
							"type": "text"
						},
						{
							"key": "status",
							"value": "4",
							"type": "text"
						}
					]
				},
				"url": "http://127.0.0.1:8000/api/v1/admin/update-appointment/22"
			},
			"response": []
		}
	]
}